{
  "parameters": {
    "noise_std": 1e-07,
    "num_steps": 50
  },
  "odmr_estimation": {
    "true_B_field_T": 5e-05,
    "estimated_B_field_T": 4.750682740977211e-05
  },
  "dead_reckoning": {
    "heading_drift_deg": 514.4999999999998,
    "initial_heading_deg": 0.0,
    "final_heading_deg": 514.4999999999998,
    "headings_sequence": [
      0.0,
      9.030612244897933,
      18.122448979591802,
      27.27551020408159,
      36.489795918367314,
      45.76530612244893,
      55.10204081632657,
      64.5,
      73.95918367346943,
      83.47959183673471,
      93.06122448979592,
      102.7040816326531,
      112.40816326530606,
      122.17346938775515,
      132.00000000000003,
      141.88775510204084,
      151.83673469387762,
      161.84693877551024,
      171.91836734693885,
      182.0510204081633,
      192.24489795918373,
      202.5,
      212.81632653061226,
      223.19387755102045,
      233.63265306122452,
      244.13265306122454,
      254.69387755102045,
      265.31632653061234,
      276.00000000000006,
      286.7448979591837,
      297.55102040816325,
      308.41836734693874,
      319.3469387755101,
      330.33673469387753,
      341.3877551020408,
      352.49999999999994,
      363.673469387755,
      374.908163265306,
      386.20408163265296,
      397.56122448979573,
      408.9795918367345,
      420.4591836734692,
      431.99999999999983,
      443.6020408163264,
      455.26530612244886,
      466.9897959183672,
      478.7755102040815,
      490.6224489795917,
      502.5306122448978,
      514.4999999999998
    ]
  },
  "radical_pair": {
    "singlet_yield": 0.9174312454954286,
    "inclination_deg": 16.699243904717207
  }
}